DATE,TempAvg,TempMax,TempMin,SLP,Humidity,Precipitation,Visibility,WindSpeed,WindSpeedMax,ForestFire,Latitude,Longitude,Altitude,Place
01-01-2015,12.9,23.1,7.4,1018.2,68,0,3.5,0.4,3.5,No,30.31,78.03,682,Dehradun
02-01-2015,11.7,23.1,9.6,1019.1,92,0,1.4,0.4,3.5,No,30.31,78.03,682,Dehradun
03-01-2015,13.1,15.8,10.5,1017.3,92,8.89,2.4,0,3.5,No,30.31,78.03,682,Dehradun
04-01-2015,13.2,20.8,10.4,1017.5,88,8.89,3.1,1.3,3.5,No,30.31,78.03,682,Dehradun
05-01-2015,11.6,20.8,8,1013.6,82,0,3.1,1.5,3.5,No,30.31,78.03,682,Dehradun
06-01-2015,8.5,19.4,6.4,1015.5,94,0,1.4,1.1,3.5,No,30.31,78.03,682,Dehradun
07-01-2015,11.1,19.2,5.5,1014.9,81,0,2.3,1.3,3.5,No,30.31,78.03,682,Dehradun
08-01-2015,11.3,21.2,5.6,1017.9,82,0,3.1,0.9,3.5,No,30.31,78.03,682,Dehradun
09-01-2015,11.1,21.5,5.5,1018.7,77,0,3.5,1.1,3.5,No,30.31,78.03,682,Dehradun
10-01-2015,9.4,21.5,4.4,1017.7,89,0,1.9,1.3,3.5,No,30.31,78.03,682,Dehradun
11-01-2015,10.2,18,7,1017.8,88,0,1.4,0.9,3.5,No,30.31,78.03,682,Dehradun
12-01-2015,11.2,21.8,6.5,1018.7,76,0,2.9,0.9,3.5,No,30.31,78.03,682,Dehradun
13-01-2015,13.3,22.2,6.5,1016.6,66,0,3.5,1.1,3.5,No,30.31,78.03,682,Dehradun
14-01-2015,11.6,22.2,9.8,1017.9,83,0.25,3.2,2,7.6,No,30.31,78.03,682,Dehradun
15-01-2015,11.7,21.7,5.7,1018.9,70,4.06,5.5,0.4,3.5,No,30.31,78.03,682,Dehradun
16-01-2015,12.4,22.5,6.1,1018.5,70,0,5.5,0.9,3.5,No,30.31,78.03,682,Dehradun
17-01-2015,11.7,22.5,5.9,1018.4,74,0,3.2,0.4,3.5,No,30.31,78.03,682,Dehradun
18-01-2015,10.8,22.1,5.1,1017.8,76,0,2.4,1.5,3.5,No,30.31,78.03,682,Dehradun
19-01-2015,10.4,21.9,4.7,1018.3,83,0,1.4,1.3,3.5,No,30.31,78.03,682,Dehradun
20-01-2015,11.4,21.3,6.9,1019.5,80,0,1.4,2,3.5,No,30.31,78.03,682,Dehradun
21-01-2015,12.1,21,5.7,1020.7,79,0,2.7,0.2,1.9,No,30.31,78.03,682,Dehradun
22-01-2015,12,17.7,11,1019.8,85,0.51,3.1,0.9,3.5,No,30.31,78.03,682,Dehradun
23-01-2015,12.2,19.7,7.6,1019,81,0.51,3.7,1.1,5.4,No,30.31,78.03,682,Dehradun
24-01-2015,12.3,23.2,6.1,1018.9,76,0.25,3.5,1.1,5.4,No,30.31,78.03,682,Dehradun
25-01-2015,11.8,23.2,7.1,1019.4,82,0,2.9,1.3,3.5,No,30.31,78.03,682,Dehradun
26-01-2015,11.9,20.2,7.7,1019.4,88,4.06,3.5,1.1,3.5,No,30.31,78.03,682,Dehradun
27-01-2015,13.1,19.4,9.2,1017.9,81,4.06,2.7,1.9,3.5,No,30.31,78.03,682,Dehradun
28-01-2015,11.8,19.4,7.2,1016.3,84,0,2.3,1.1,3.5,No,30.31,78.03,682,Dehradun
29-01-2015,10.6,19.4,6.2,1018.1,79,0,2.3,2,5.4,No,30.31,78.03,682,Dehradun
30-01-2015,10.1,19.9,4.1,1018.6,68,0,4,1.9,5.4,No,30.31,78.03,682,Dehradun
31-01-2015,11.4,20.9,4.6,1016.7,70,0,3.1,1.5,5.4,No,30.31,78.03,682,Dehradun
01-02-2015,12.2,20.9,6.6,1018.3,79,0,1.9,1.3,3.5,No,30.31,78.03,682,Dehradun
02-02-2015,15.3,22.7,11,1018.4,72,0,1.9,1.9,3.5,No,30.31,78.03,682,Dehradun
03-02-2015,13.9,22.7,10.4,1020.7,89,5.08,2.7,0.7,3.5,No,30.31,78.03,682,Dehradun
04-02-2015,13.9,22.4,7.9,1020.5,74,2.03,3.2,3,7.6,No,30.31,78.03,682,Dehradun
05-02-2015,13.3,23.8,6.4,1017.5,76,0,2.6,0.7,3.5,No,30.31,78.03,682,Dehradun
06-02-2015,13.1,23.8,8.1,1018.5,73,0,2.7,1.5,3.5,No,30.31,78.03,682,Dehradun
07-02-2015,12.5,23.8,5.6,1017.5,68,0,4,0.7,3.5,No,30.31,78.03,682,Dehradun
08-02-2015,14.7,23.8,8.4,1017.1,58,0,4,1.1,3.5,No,30.31,78.03,682,Dehradun
09-02-2015,14.3,23.8,8,1018.9,64,0,4,0.4,3.5,No,30.31,78.03,682,Dehradun
10-02-2015,14.3,23.9,7.8,1018.3,65,0,3.5,0.4,3.5,No,30.31,78.03,682,Dehradun
11-02-2015,13.3,23.9,8.2,1016.8,77,0,2.3,0.4,3.5,No,30.31,78.03,682,Dehradun
12-02-2015,14.1,21.9,7.8,1014.7,71,0,1.9,1.9,3.5,No,30.31,78.03,682,Dehradun
13-02-2015,14.8,23.5,8,1011.5,72,0,1.9,0.7,3.5,No,30.31,78.03,682,Dehradun
14-02-2015,15.8,23.9,8.9,1010.3,70,0,1.9,0.9,3.5,No,30.31,78.03,682,Dehradun
15-02-2015,16.3,23.9,11.9,1013.6,78,0,1.8,0.9,3.5,No,30.31,78.03,682,Dehradun
16-02-2015,16.6,22.5,12.3,1015.5,77,0,1.9,0.4,1.9,No,30.31,78.03,682,Dehradun
17-02-2015,17.8,25.2,12.1,1012.3,67,0,2.3,1.1,3.5,No,30.31,78.03,682,Dehradun
18-02-2015,17.7,25.2,12.5,1012.3,68,0,2.4,1.5,3.5,No,30.31,78.03,682,Dehradun
19-02-2015,18.3,25.7,11.4,1013.1,58,0,2.3,0.7,3.5,No,30.31,78.03,682,Dehradun
20-02-2015,17.1,25.7,11.8,1015.5,66,1.02,3.2,3.7,7.6,No,30.31,78.03,682,Dehradun
21-02-2015,17.4,26.3,10.4,1012.9,67,7.11,3.7,1.3,3.5,No,30.31,78.03,682,Dehradun
22-02-2015,19.3,28.1,11.6,1011.9,64,0,3.4,1.1,3.5,No,30.31,78.03,682,Dehradun
23-02-2015,19.8,28.1,14.1,1013.9,72,0,2.7,1.3,3.5,No,30.31,78.03,682,Dehradun
24-02-2015,19.7,27.4,15.1,1011.4,71,0,2.3,2,3.5,No,30.31,78.03,682,Dehradun
25-02-2015,16.7,24.5,13.8,1011.3,78,1.02,2.3,2,5.4,No,30.31,78.03,682,Dehradun
26-02-2015,15.9,23.2,12.2,1010.1,81,4.06,2.9,2.2,3.5,No,30.31,78.03,682,Dehradun
27-02-2015,16,23.7,11.1,1013.1,67,2.03,3.5,3,5.4,No,30.31,78.03,682,Dehradun
28-02-2015,17.3,24.4,10.1,1013.5,60,1.02,3.2,0.9,3.5,No,30.31,78.03,682,Dehradun
01-03-2015,13.9,24.4,12.8,1012.8,89,0.51,2.6,0.6,3.5,No,30.31,78.03,682,Dehradun
02-03-2015,11.9,14.8,9.4,1014.1,97,71.88,2.6,0.9,3.5,No,30.31,78.03,682,Dehradun
03-03-2015,12.7,20.4,8.7,1013.7,82,71.12,3.7,1.3,3.5,No,30.31,78.03,682,Dehradun
04-03-2015,13.8,22.2,7.4,1013,71,2.03,4,2,5.4,No,30.31,78.03,682,Dehradun
05-03-2015,15.7,23.8,8.2,1015.2,61,0,4,1.3,3.5,No,30.31,78.03,682,Dehradun
06-03-2015,16.5,24.1,11.4,1015.4,62,0.25,4,2.4,5.4,No,30.31,78.03,682,Dehradun
07-03-2015,16.9,26,8.8,1014.1,56,0,3.7,2.4,7.6,No,30.31,78.03,682,Dehradun
08-03-2015,13.7,26,11.2,1016.8,77,2.03,3.7,2.4,5.4,No,30.31,78.03,682,Dehradun
09-03-2015,15.6,23.6,10.2,1019.7,67,7.11,3.2,1.9,3.5,No,30.31,78.03,682,Dehradun
10-03-2015,17.3,26.8,8.6,1017.4,61,0,4,1.3,3.5,No,30.31,78.03,682,Dehradun
11-03-2015,18,27.4,9.7,1017.1,59,0,4,1.1,3.5,No,30.31,78.03,682,Dehradun
12-03-2015,18.6,27.6,11.6,1016,55,0,4,2.2,5.4,No,30.31,78.03,682,Dehradun
13-03-2015,18.8,27.6,11.4,1014.3,53,0,4,1.5,3.5,No,30.31,78.03,682,Dehradun
14-03-2015,19.8,27.3,10.2,1015.4,62,0,2.9,1.1,3.5,No,30.31,78.03,682,Dehradun
15-03-2015,16.8,27.3,14.9,1016,87,8.89,2.6,1.3,3.5,No,30.31,78.03,682,Dehradun
16-03-2015,18.8,25.7,8.5,1017.2,65,2.03,4,3,5.4,No,30.31,78.03,682,Dehradun
17-03-2015,17.8,26.1,11.2,1014.4,66,0,4.8,2,5.4,No,30.31,78.03,682,Dehradun
18-03-2015,17.8,26.1,10,1011.5,68,0,3.5,1.5,5.4,No,30.31,78.03,682,Dehradun
19-03-2015,18.9,26.4,11.7,1013.4,69,0,3.1,1.1,3.5,No,30.31,78.03,682,Dehradun
20-03-2015,20.6,28.8,14,1013.5,66,0,3.7,2.2,3.5,No,30.31,78.03,682,Dehradun
21-03-2015,21.2,28.8,15,1013.8,63,0,3.7,1.9,3.5,No,30.31,78.03,682,Dehradun
22-03-2015,21.7,29.4,15,1010.5,64,0,3.5,2.2,5.4,No,30.31,78.03,682,Dehradun
23-03-2015,22.7,30.4,15.4,1008.7,64,0,3.7,1.3,3.5,No,30.31,78.03,682,Dehradun
24-03-2015,23.7,31.5,16.6,1009.6,63,0,3.1,1.5,3.5,No,30.31,78.03,682,Dehradun
25-03-2015,24.9,31.7,18.7,1011.7,62,0,1.9,1.3,3.5,No,30.31,78.03,682,Dehradun
26-03-2015,25.5,32.7,18.6,1012.7,61,0,1.9,1.5,3.5,No,30.31,78.03,682,Dehradun
27-03-2015,24.4,32.7,18.5,1011.2,58,0,1.9,1.1,3.5,No,30.31,78.03,682,Dehradun
28-03-2015,24.7,32.6,17,1009.1,56,0,1.9,2,5.4,No,30.31,78.03,682,Dehradun
29-03-2015,20.3,32.6,17.1,1010.6,73,0,3.5,3.3,5.4,No,30.31,78.03,682,Dehradun
30-03-2015,18.4,26.8,14.9,1011.5,79,14.99,2.7,1.3,3.5,No,30.31,78.03,682,Dehradun
31-03-2015,20.8,27.1,14.5,1010.8,65,1.02,3.7,1.9,3.5,No,30.31,78.03,682,Dehradun
01-04-2015,21.8,28.7,15.2,1008.1,56,0,3.5,2.8,5.4,No,30.31,78.03,682,Dehradun
02-04-2015,23.6,30.4,15.7,1005.3,59,5.08,2.7,0.4,1.9,No,30.31,78.03,682,Dehradun
03-04-2015,21.2,30.4,17.5,1004.8,71,2.03,3.7,1.1,3.5,No,30.31,78.03,682,Dehradun
04-04-2015,17.5,27.7,14.4,1005.9,87,23.88,3.2,2.2,7.6,No,30.31,78.03,682,Dehradun
05-04-2015,20.1,27.9,13.4,1007.7,69,3.05,3.7,2,5.4,No,30.31,78.03,682,Dehradun
06-04-2015,21,28.5,14.2,1007.4,61,0,3.7,1.9,3.5,No,30.31,78.03,682,Dehradun
07-04-2015,16.3,28.5,13.4,1012.2,80,3.05,3.1,3,9.4,No,30.31,78.03,682,Dehradun
08-04-2015,19.7,28.8,12.8,1012.3,62,0.51,4,1.5,5.4,No,30.31,78.03,682,Dehradun
09-04-2015,21.1,29.5,12.3,1009.7,59,0,4,1.3,3.5,No,30.31,78.03,682,Dehradun
10-04-2015,23,30.9,13.9,1008,49,0,4,1.9,5.4,No,30.31,78.03,682,Dehradun
11-04-2015,24.6,32.5,16.3,1008.2,43,0,4,1.9,3.5,No,30.31,78.03,682,Dehradun
12-04-2015,22.7,32.5,18.1,1012.6,59,0,2.3,1.3,3.5,No,30.31,78.03,682,Dehradun
13-04-2015,22.7,28.8,18,1014.9,62,0,3.1,1.3,3.5,No,30.31,78.03,682,Dehradun
14-04-2015,21.9,29.1,17.9,1013.3,75,0,3.1,1.9,3.5,No,30.31,78.03,682,Dehradun
15-04-2015,21.7,30.4,17.1,1014,75,10.92,3.7,0.6,3.5,No,30.31,78.03,682,Dehradun
16-04-2015,20.4,30.4,16.9,1013.8,79,7.87,3.7,1.9,3.5,No,30.31,78.03,682,Dehradun
17-04-2015,23.4,31.2,15.4,1006.9,59,1.02,4,1.1,3.5,No,30.31,78.03,682,Dehradun
18-04-2015,25.4,32.1,16.8,1001.7,53,0,2.7,0.9,3.5,No,30.31,78.03,682,Dehradun
19-04-2015,26.5,33.9,17.7,1003.9,51,0,3.1,2,3.5,No,30.31,78.03,682,Dehradun
20-04-2015,27,33.9,21.1,1007.3,58,1.02,2.3,2.2,7.6,No,30.31,78.03,682,Dehradun
21-04-2015,26.3,34.4,19,1005,48,0,2.6,1.3,3.5,No,30.31,78.03,682,Dehradun
22-04-2015,25.5,34.4,16.6,1003,44,0,2.3,2,7.6,No,30.31,78.03,682,Dehradun
23-04-2015,26.8,34.2,17.6,1003.6,40,0,3.1,1.9,5.4,No,30.31,78.03,682,Dehradun
24-04-2015,26.7,34.2,17.6,1004.9,52,0,2.7,1.9,3.5,No,30.31,78.03,682,Dehradun
25-04-2015,24.6,34.1,18.3,1007,57,0,3.1,0.9,3.5,No,30.31,78.03,682,Dehradun
26-04-2015,24.2,32.4,18.9,1009.4,63,1.02,3.5,1.5,3.5,No,30.31,78.03,682,Dehradun
27-04-2015,25.7,31,19.6,1008,56,0,2.3,3,5.4,No,30.31,78.03,682,Dehradun
28-04-2015,24.3,31.4,17.9,1005.8,56,0,2.7,1.5,5.4,No,30.31,78.03,682,Dehradun
29-04-2015,24.4,31.4,16.3,1005.9,63,0,2.3,1.5,5.4,No,30.31,78.03,682,Dehradun
30-04-2015,26.4,33.2,19.2,1006.3,54,0,1.9,1.3,3.5,No,30.31,78.03,682,Dehradun
01-05-2015,25.2,33.2,17.4,1006.2,53,7.87,3.5,1.9,3.5,No,30.31,78.03,682,Dehradun
02-05-2015,25.8,32.5,18.5,1006.3,44,0,3.2,1.9,3.5,No,30.31,78.03,682,Dehradun
03-05-2015,25.5,33.2,16.3,1007.3,39,0,4,1.9,3.5,No,30.31,78.03,682,Dehradun
04-05-2015,27.2,34.3,17,1006.5,36,0,4,2.2,3.5,No,30.31,78.03,682,Dehradun
05-05-2015,28.2,35.2,18.1,1003.7,42,0,3.5,1.3,3.5,No,30.31,78.03,682,Dehradun
06-05-2015,29.1,35.9,20.8,1002.1,43,0,2.3,1.9,5.4,No,30.31,78.03,682,Dehradun
07-05-2015,29.4,36.3,22.3,1003,42,0,2.3,0.7,3.5,No,30.31,78.03,682,Dehradun
08-05-2015,29.9,37.2,22.5,1002.8,39,0,2.1,1.3,5.4,No,30.31,78.03,682,Dehradun
09-05-2015,30.6,37.2,22.6,1002,39,0,2.6,2,3.5,No,30.31,78.03,682,Dehradun
10-05-2015,30.9,37.9,24.1,1001.5,40,0,2.3,4.1,5.4,No,30.31,78.03,682,Dehradun
11-05-2015,28.9,37.9,23.3,1003.6,53,0,9.3,5,9.4,No,30.31,78.03,682,Dehradun
12-05-2015,24.7,37.2,20.9,1006.1,67,3.05,3.1,2.2,7.6,No,30.31,78.03,682,Dehradun
13-05-2015,24.8,35.4,19.9,1006.2,63,0,2.7,1.9,3.5,No,30.31,78.03,682,Dehradun
14-05-2015,26.3,35.4,20.1,1006.8,56,0,3.1,1.1,3.5,No,30.31,78.03,682,Dehradun
15-05-2015,26.9,33.7,21,1005.4,50,0,3.7,2.2,5.4,No,30.31,78.03,682,Dehradun
16-05-2015,27.6,34.2,18.5,1003.5,47,0,3.7,1.9,3.5,No,30.31,78.03,682,Dehradun
17-05-2015,28.7,34.3,22.6,1001.5,50,0,2.3,0.7,3.5,No,30.31,78.03,682,Dehradun
18-05-2015,29.7,36.5,22.8,1001.1,53,0,2.6,0.9,3.5,No,30.31,78.03,682,Dehradun
19-05-2015,28.7,36.5,21.4,1001.6,55,0,2.6,1.9,3.5,No,30.31,78.03,682,Dehradun
20-05-2015,29,37.2,21.1,1000.5,42,0,2.7,2.2,3.5,No,30.31,78.03,682,Dehradun
21-05-2015,31.2,39.7,21.1,999.1,26,0,3.7,3.7,9.4,No,30.31,78.03,682,Dehradun
22-05-2015,30.3,39.7,20.7,998.2,32,0,3.4,3.9,7.6,No,30.31,78.03,682,Dehradun
23-05-2015,31.9,40.1,22.2,996.7,29,0,3.5,3,5.4,No,30.31,78.03,682,Dehradun
24-05-2015,32,40.1,25.1,997.5,34,0,3.2,3.7,9.4,No,30.31,78.03,682,Dehradun
25-05-2015,32.3,39.8,24.1,997.1,35,0,1.9,2,5.4,No,30.31,78.03,682,Dehradun
26-05-2015,31.9,39.8,25.4,999.6,37,0,1.9,2.8,5.4,No,30.31,78.03,682,Dehradun
27-05-2015,30.4,38.9,23.1,1000.8,40,0,1.9,2.4,3.5,No,30.31,78.03,682,Dehradun
28-05-2015,30.8,38.3,22.7,999.7,36,0,2.7,0.9,3.5,No,30.31,78.03,682,Dehradun
29-05-2015,29.3,38.3,23.4,1001.6,41,0,2.6,1.3,3.5,No,30.31,78.03,682,Dehradun
30-05-2015,29.6,39.2,16.7,1001.3,40,0,2.7,2.8,5.4,No,30.31,78.03,682,Dehradun
31-05-2015,28.6,39.2,22.4,1001.5,39,0,3.7,2.2,5.4,No,30.31,78.03,682,Dehradun
01-06-2015,28.1,35.8,20.6,1001.7,40,0,4,2.8,7.6,No,30.31,78.03,682,Dehradun
02-06-2015,28.1,35.8,22.4,1003.5,44,0,3.5,1.9,5.4,No,30.31,78.03,682,Dehradun
03-06-2015,27.3,34.5,22,1005.2,46,0,4,2.4,7.6,No,30.31,78.03,682,Dehradun
04-06-2015,29.9,37.2,23.1,1004.1,43,0,2.7,1.3,3.5,No,30.31,78.03,682,Dehradun
05-06-2015,29.9,37.4,24.1,1003.3,49,0,3.2,2.4,5.4,No,30.31,78.03,682,Dehradun
06-06-2015,30.1,37.4,23.1,1000.2,45,0,2.3,1.1,5.4,No,30.31,78.03,682,Dehradun
07-06-2015,31,37.9,23.8,999.3,41,0,2.7,2.8,5.4,No,30.31,78.03,682,Dehradun
08-06-2015,31.7,39.8,23.1,998.4,40,0,2.6,1.3,3.5,No,30.31,78.03,682,Dehradun
09-06-2015,33.2,40.8,24.6,997.1,39,0,3.1,2,5.4,No,30.31,78.03,682,Dehradun
10-06-2015,31.7,40.8,24.7,998,47,0,2.7,1.9,5.4,No,30.31,78.03,682,Dehradun
11-06-2015,33,38.4,25,998,42,0,2.6,2.2,5.4,No,30.31,78.03,682,Dehradun
12-06-2015,29.9,38.4,24.8,997.6,44,0,2.9,1.9,7.6,No,30.31,78.03,682,Dehradun
13-06-2015,28.2,38,24,998.2,54,0,1.9,3.1,18.3,No,30.31,78.03,682,Dehradun
14-06-2015,26.6,36.5,22.3,999.3,60,4.06,2.3,1.3,3.5,No,30.31,78.03,682,Dehradun
15-06-2015,27.4,32.4,21.4,999.7,57,0,3.7,0.7,3.5,No,30.31,78.03,682,Dehradun
16-06-2015,30.3,36.7,23.6,998.4,58,0,3.1,1.5,3.5,No,30.31,78.03,682,Dehradun
17-06-2015,28.9,36.7,24.6,998.2,75,5.08,2.7,1.5,3.5,No,30.31,78.03,682,Dehradun
18-06-2015,30.7,36.5,25.3,997.7,60,0,1.9,1.9,3.5,No,30.31,78.03,682,Dehradun
19-06-2015,29.9,36.5,23.7,997.4,62,0,1.9,2.6,9.4,No,30.31,78.03,682,Dehradun
20-06-2015,25.3,35.7,20.7,999.7,74,21.08,3.2,1.5,7.6,No,30.31,78.03,682,Dehradun
21-06-2015,26.3,31.4,23.1,998.8,74,1.02,3.7,2,9.4,No,30.31,78.03,682,Dehradun
22-06-2015,28.2,32,23.1,996.1,67,0,4,1.5,3.5,No,30.31,78.03,682,Dehradun
23-06-2015,28.6,34.5,23.6,995.3,59,0,3.5,2.8,9.4,No,30.31,78.03,682,Dehradun
24-06-2015,26.8,34.5,22,996.1,78,4.06,2.6,1.3,3.5,No,30.31,78.03,682,Dehradun
25-06-2015,22.2,33.5,20.7,995.4,94,21.08,3.1,1.3,3.5,No,30.31,78.03,682,Dehradun
26-06-2015,27.1,31.6,19.4,994.5,71,13.97,3.2,0.7,3.5,No,30.31,78.03,682,Dehradun
27-06-2015,28.7,34.1,23,996.2,65,0,1.9,2.8,7.6,No,30.31,78.03,682,Dehradun
28-06-2015,27.6,34.1,20.3,1000.4,78,6.1,1.9,0.9,3.5,No,30.31,78.03,682,Dehradun
29-06-2015,24.7,33.5,19.4,1004.7,81,71.88,3.1,1.5,3.5,No,30.31,78.03,682,Dehradun
30-06-2015,26.1,30,23,1003,79,0,3.5,0.9,3.5,No,30.31,78.03,682,Dehradun
01-07-2015,26.6,33.2,23.4,1002.1,75,0,3.2,2.4,5.4,No,30.31,78.03,682,Dehradun
02-07-2015,26.4,33.2,22.7,1001.5,79,4.06,1.9,1.7,9.4,No,30.31,78.03,682,Dehradun
03-07-2015,28.1,33.7,22.3,999.3,69,9.91,1.9,1.5,3.5,No,30.31,78.03,682,Dehradun
04-07-2015,28.2,33.7,24.8,997.2,84,0,1.9,0.9,3.5,No,30.31,78.03,682,Dehradun
05-07-2015,25.7,33.2,23.6,996.8,95,38.1,1.9,2.2,5.4,No,30.31,78.03,682,Dehradun
06-07-2015,24,30.3,22.1,998.6,93,84.07,2.6,1.3,3.5,No,30.31,78.03,682,Dehradun
07-07-2015,24.7,27.3,23.2,998.8,93,18.03,2.3,1.1,3.5,No,30.31,78.03,682,Dehradun
08-07-2015,26.8,31.4,23.3,999.1,84,14.99,3.4,0.6,3.5,No,30.31,78.03,682,Dehradun
09-07-2015,27.1,31.7,24.4,998.6,82,2.03,3.2,1.3,3.5,No,30.31,78.03,682,Dehradun
10-07-2015,24.1,31.7,22.2,1000.2,91,0,1.9,1.9,5.4,No,30.31,78.03,682,Dehradun
11-07-2015,22.4,27.8,21.5,1001.2,97,115.06,1.9,0.4,3.5,No,30.31,78.03,682,Dehradun
12-07-2015,23.2,24,21.6,1000.7,96,17.02,3.1,0.4,3.5,No,30.31,78.03,682,Dehradun
13-07-2015,26.4,30.3,22.5,1000.3,90,8.89,3.1,1.5,3.5,No,30.31,78.03,682,Dehradun
14-07-2015,27.3,31.4,24.4,997.8,87,46.99,2.4,0.6,3.5,No,30.31,78.03,682,Dehradun
15-07-2015,27.6,31.4,25.7,993.3,85,2.03,1.4,0.2,1.9,No,30.31,78.03,682,Dehradun
16-07-2015,25.8,31,24.2,995.4,95,11.94,1.1,0.4,3.5,No,30.31,78.03,682,Dehradun
17-07-2015,25.6,29.5,23.6,998,93,29.97,3.5,0.4,1.9,No,30.31,78.03,682,Dehradun
18-07-2015,27,31.6,24.2,998.9,76,4.06,2.9,1.3,5.4,No,30.31,78.03,682,Dehradun
19-07-2015,27.5,33.1,22.9,998,76,3.05,3.1,2.2,5.4,No,30.31,78.03,682,Dehradun
20-07-2015,26.8,33.1,24.6,998.6,83,0,2.9,0.6,3.5,No,30.31,78.03,682,Dehradun
21-07-2015,26.9,31.2,23.7,1001,83,6.1,2.3,0.4,1.9,No,30.31,78.03,682,Dehradun
22-07-2015,25.5,31.2,23.4,1002.5,89,23.88,2.7,0.9,3.5,No,30.31,78.03,682,Dehradun
23-07-2015,26.5,33,23,1003.1,83,8.89,3.2,1.1,5.4,No,30.31,78.03,682,Dehradun
24-07-2015,27.1,33,24.4,1001.9,79,3.05,3.5,1.1,3.5,No,30.31,78.03,682,Dehradun
25-07-2015,27.5,33.2,23.2,999.9,79,0,2.7,1.5,3.5,No,30.31,78.03,682,Dehradun
26-07-2015,27.2,34.3,22.4,1000.3,80,74.93,3.7,1.5,3.5,No,30.31,78.03,682,Dehradun
27-07-2015,27.5,34.3,23.4,1000.4,81,3.05,2.6,1.9,3.5,No,30.31,78.03,682,Dehradun
28-07-2015,27.4,33,23.6,1000.5,80,27.94,2.3,2,3.5,No,30.31,78.03,682,Dehradun
29-07-2015,27.7,32.2,23.6,998.1,76,0,3.7,1.9,3.5,No,30.31,78.03,682,Dehradun
30-07-2015,26.9,31.8,23.9,998.8,82,0.51,2.7,0.7,3.5,No,30.31,78.03,682,Dehradun
31-07-2015,25.8,31.7,23.5,999.6,88,6.1,1.9,1.1,3.5,No,30.31,78.03,682,Dehradun
01-08-2015,24.7,31,22.6,1003,92,71.88,2.6,0.7,3.5,No,30.31,78.03,682,Dehradun
02-08-2015,24.8,27.4,23.1,1004.4,89,0.51,2.7,0.4,3.5,No,30.31,78.03,682,Dehradun
03-08-2015,27.4,32,22.8,1001.3,83,0.51,3.1,1.9,3.5,No,30.31,78.03,682,Dehradun
04-08-2015,27.7,32.5,24.8,1000,81,0,1.9,3,5.4,No,30.31,78.03,682,Dehradun
05-08-2015,26.6,32.5,25,999.3,85,0.25,2.3,0.2,1.9,No,30.31,78.03,682,Dehradun
06-08-2015,25.5,30.8,24,999.1,91,0.76,2.6,0.4,3.5,No,30.31,78.03,682,Dehradun
07-08-2015,24.4,30.8,23.4,1001.1,94,69.09,1.9,1.3,3.5,No,30.31,78.03,682,Dehradun
08-08-2015,23.9,25.5,22.7,1003.5,96,0,1.9,0.7,3.5,No,30.31,78.03,682,Dehradun
09-08-2015,25.8,28.8,23,999.8,90,22.1,2.6,0.7,3.5,No,30.31,78.03,682,Dehradun
10-08-2015,27.2,32.2,24,1000.2,87,7.87,2.3,1.1,3.5,No,30.31,78.03,682,Dehradun
11-08-2015,26.1,32.2,23.7,1003.7,88,4.06,1.9,1.5,5.4,No,30.31,78.03,682,Dehradun
12-08-2015,27.2,32.1,23.3,1003.6,82,19.05,2.7,0.7,3.5,No,30.31,78.03,682,Dehradun
13-08-2015,26.9,32.1,24.4,1002.6,85,0,1.9,0.4,3.5,No,30.31,78.03,682,Dehradun
14-08-2015,26.8,31.7,22.5,1002.2,83,21.08,2.7,0.4,3.5,No,30.31,78.03,682,Dehradun
15-08-2015,26.4,31.5,23.5,1002.7,85,0,1.9,0.4,3.5,No,30.31,78.03,682,Dehradun
16-08-2015,25.2,30.1,23.8,1002.3,91,1.02,3.1,0.6,3.5,No,30.31,78.03,682,Dehradun
17-08-2015,26.7,32,23.7,1001,84,29.97,2.7,2.8,3.5,No,30.31,78.03,682,Dehradun
18-08-2015,26.7,32,23.1,1001.6,87,0,1.9,1.5,3.5,No,30.31,78.03,682,Dehradun
19-08-2015,25.9,31,23.1,1002.2,88,2.03,1.9,1.3,5.4,No,30.31,78.03,682,Dehradun
20-08-2015,25,31,22.8,1001.2,95,53.09,1.9,0.7,5.4,No,30.31,78.03,682,Dehradun
21-08-2015,24.7,28.5,22.2,1001.6,91,0,2.6,1.9,3.5,No,30.31,78.03,682,Dehradun
22-08-2015,24.7,31.2,22,1000.7,88,10.92,1.9,1.5,5.4,No,30.31,78.03,682,Dehradun
23-08-2015,24.7,31.8,21.8,1001.4,89,33.02,1.9,1.1,3.5,No,30.31,78.03,682,Dehradun
24-08-2015,26.2,31.8,22.2,1001.4,82,39.88,2.3,1.5,3.5,No,30.31,78.03,682,Dehradun
25-08-2015,27.4,32.1,22.4,999.6,78,0.25,2.6,2,3.5,No,30.31,78.03,682,Dehradun
26-08-2015,28.5,32.9,24,1000,79,0,1.9,0.9,3.5,No,30.31,78.03,682,Dehradun
27-08-2015,27.2,32.9,23.7,1001.9,84,0.51,1.9,1.1,3.5,No,30.31,78.03,682,Dehradun
28-08-2015,26.7,32.3,22.1,1002.3,80,10.92,1.9,2,3.5,No,30.31,78.03,682,Dehradun
29-08-2015,26.3,31.8,23.6,1001,82,0,1.9,2.2,3.5,No,30.31,78.03,682,Dehradun
30-08-2015,25.6,32.1,22.7,1001.3,85,6.1,1.9,2,5.4,No,30.31,78.03,682,Dehradun
31-08-2015,26.2,32.4,22,1001.1,78,25.91,1.9,1.3,3.5,No,30.31,78.03,682,Dehradun
01-09-2015,26.6,32.4,22.4,1000.1,76,1.02,1.9,1.9,5.4,No,30.31,78.03,682,Dehradun
02-09-2015,25.7,32.1,21.8,1001.1,80,2.03,1.9,1.9,5.4,No,30.31,78.03,682,Dehradun
03-09-2015,25.9,31.8,21.5,1004.6,80,25.91,1.9,1.9,3.5,No,30.31,78.03,682,Dehradun
04-09-2015,26.4,32.2,22.3,1007.3,77,2.03,1.9,2.2,5.4,No,30.31,78.03,682,Dehradun
05-09-2015,26.3,32.2,22.7,1005.9,75,0,1.9,1.9,3.5,No,30.31,78.03,682,Dehradun
06-09-2015,26.3,31.3,22.1,1005.1,75,0,1.9,2,3.5,No,30.31,78.03,682,Dehradun
07-09-2015,26.2,31.6,21.8,1005,74,0,1.9,1.5,5.4,No,30.31,78.03,682,Dehradun
08-09-2015,26.6,32.6,21,1003.9,71,0,2.3,1.1,5.4,No,30.31,78.03,682,Dehradun
09-09-2015,26.7,33.7,22,1004.5,71,0,2.6,3.1,7.6,No,30.31,78.03,682,Dehradun
10-09-2015,26.8,33.7,22.1,1006.2,71,0,3.5,2.8,5.4,No,30.31,78.03,682,Dehradun
11-09-2015,27.4,33.2,22,1006.1,69,0,3.7,2.8,3.5,No,30.31,78.03,682,Dehradun
12-09-2015,27.3,33.2,22.5,1006.6,73,0,2.3,2.2,3.5,No,30.31,78.03,682,Dehradun
13-09-2015,26.7,32.9,22.7,1006.3,69,0,1.9,2,3.5,No,30.31,78.03,682,Dehradun
14-09-2015,27.4,32.1,22.5,1004.4,74,0,1.9,2.4,5.4,No,30.31,78.03,682,Dehradun
15-09-2015,25.9,32.1,23.4,1004.4,84,9.91,1.9,2,3.5,No,30.31,78.03,682,Dehradun
16-09-2015,25.9,31.8,20.9,1004.5,80,0,2.6,2.4,3.5,No,30.31,78.03,682,Dehradun
17-09-2015,26.6,32.7,21,1004.5,75,0,2.3,1.3,3.5,No,30.31,78.03,682,Dehradun
18-09-2015,25.4,32.7,22.7,1005.9,83,0.51,1.9,0.2,1.9,No,30.31,78.03,682,Dehradun
19-09-2015,25.5,32.2,20.5,1005.1,80,18.03,3.7,2.2,3.5,No,30.31,78.03,682,Dehradun
20-09-2015,25.3,32.2,21.9,1003.7,81,0,3.2,2.8,11.1,No,30.31,78.03,682,Dehradun
21-09-2015,26.6,32.1,20.6,1002.7,77,3.05,2.7,1.3,3.5,No,30.31,78.03,682,Dehradun
22-09-2015,26.3,32.1,22.6,1003,83,0,1.9,2,3.5,No,30.31,78.03,682,Dehradun
23-09-2015,24.4,30.2,22.5,1005.4,85,16,2.6,1.9,3.5,No,30.31,78.03,682,Dehradun
24-09-2015,25.1,29.5,21.6,1003.8,77,0,1.9,2.6,3.5,No,30.31,78.03,682,Dehradun
25-09-2015,24.2,30.8,19.8,1003,76,0,2.7,3.1,3.5,No,30.31,78.03,682,Dehradun
26-09-2015,24.4,30.8,19.3,1005.2,75,0,2.6,2,5.4,No,30.31,78.03,682,Dehradun
27-09-2015,24.6,31.2,19.9,1006.7,72,0,3.1,1.5,3.5,No,30.31,78.03,682,Dehradun
28-09-2015,24.5,31.5,18.9,1008,71,0,2.7,1.9,3.5,No,30.31,78.03,682,Dehradun
29-09-2015,25.8,32.7,18.6,1009.6,67,0,3.4,1.1,3.5,No,30.31,78.03,682,Dehradun
30-09-2015,26.2,34,20.4,1010.6,67,0,3.7,1.9,3.5,No,30.31,78.03,682,Dehradun
01-10-2015,26.2,34,19.6,1011,69,0,4,2,3.5,No,30.31,78.03,682,Dehradun
02-10-2015,25.5,33.1,19.4,1009.8,66,0,4,1.5,3.5,No,30.31,78.03,682,Dehradun
03-10-2015,24.7,32.5,19.5,1007.4,71,0,3.1,1.5,5.4,No,30.31,78.03,682,Dehradun
04-10-2015,24.9,31.8,18.4,1009.4,68,0,1.9,1.3,3.5,No,30.31,78.03,682,Dehradun
05-10-2015,24.3,31.8,18.4,1009.7,65,0,1.9,1.5,3.5,No,30.31,78.03,682,Dehradun
06-10-2015,24.7,31.8,19,1008.2,65,0,2.7,1.9,5.4,No,30.31,78.03,682,Dehradun
07-10-2015,24.6,31.8,18.1,1008.5,66,0,4,2.4,3.5,No,30.31,78.03,682,Dehradun
08-10-2015,24.6,32.8,18.1,1007,62,0,3.5,2.4,3.5,No,30.31,78.03,682,Dehradun
09-10-2015,25.4,32.8,18.9,1003.5,60,0,2.7,1.1,3.5,No,30.31,78.03,682,Dehradun
10-10-2015,24.8,32.3,19.4,1004.8,66,0,2.6,0.7,3.5,No,30.31,78.03,682,Dehradun
11-10-2015,24.4,32.3,18.6,1008.8,68,0,2.3,2.2,5.4,No,30.31,78.03,682,Dehradun
12-10-2015,24.1,32.2,20.1,1010.8,78,1.02,1.9,2,3.5,No,30.31,78.03,682,Dehradun
13-10-2015,22.7,30.4,20.4,1012.6,87,9.91,1.9,1.3,5.4,No,30.31,78.03,682,Dehradun
14-10-2015,21.6,28.5,18.1,1014.1,82,3.05,1.9,1.3,3.5,No,30.31,78.03,682,Dehradun
15-10-2015,22,29.2,15.1,1014.6,74,11.94,2.6,1.5,3.5,No,30.31,78.03,682,Dehradun
16-10-2015,22.6,29.2,17.6,1013.9,77,0,2.3,1.9,3.5,No,30.31,78.03,682,Dehradun
17-10-2015,23.3,29.3,17.6,1012.2,74,0,2.3,1.5,3.5,No,30.31,78.03,682,Dehradun
18-10-2015,22.6,29.3,18.1,1013.5,77,0,2.3,1.1,3.5,No,30.31,78.03,682,Dehradun
19-10-2015,22.7,30.1,18,1011.6,72,0,1.9,2.2,3.5,No,30.31,78.03,682,Dehradun
20-10-2015,22.6,30.5,16.9,1010.2,65,0,3.1,1.3,5.4,No,30.31,78.03,682,Dehradun
21-10-2015,21.7,30.5,15.8,1011.4,57,0,4,2.2,5.4,No,30.31,78.03,682,Dehradun
22-10-2015,20.9,30.4,14.4,1011.6,59,0,4,2,3.5,No,30.31,78.03,682,Dehradun
23-10-2015,21.1,30.1,14.5,1011.2,63,0,2.7,1.3,3.5,No,30.31,78.03,682,Dehradun
24-10-2015,21.4,30.1,16.1,1011.9,68,0,3.2,2.8,5.4,No,30.31,78.03,682,Dehradun
25-10-2015,21.6,29.7,15.5,1014.1,62,0,2.3,0.2,1.9,No,30.31,78.03,682,Dehradun
26-10-2015,19.9,29.4,15.2,1015.3,64,2.03,3.1,1.1,3.5,No,30.31,78.03,682,Dehradun
27-10-2015,20.3,30.4,13.6,1014.2,56,0,4,1.5,3.5,No,30.31,78.03,682,Dehradun
28-10-2015,18.2,30.4,14.9,1015.3,71,0,3.1,1.5,3.5,No,30.31,78.03,682,Dehradun
29-10-2015,19.4,27.4,13.5,1016.5,70,0,3.1,2,3.5,No,30.31,78.03,682,Dehradun
30-10-2015,20.2,27.4,15.5,1016.2,71,0,1.9,2,3.5,No,30.31,78.03,682,Dehradun
31-10-2015,20.4,29.3,14,1015.9,65,0,4,1.3,3.5,No,30.31,78.03,682,Dehradun
01-11-2015,20.7,29.9,15,1016,65,0,2.3,1.3,3.5,No,30.31,78.03,682,Dehradun
02-11-2015,20.2,29.9,15.3,1016.1,67,0,2.6,0.9,3.5,No,30.31,78.03,682,Dehradun
03-11-2015,18.7,29.3,13.9,1014.8,67,0,2.3,1.5,3.5,No,30.31,78.03,682,Dehradun
04-11-2015,19.6,28,13.2,1013.1,61,0,2.7,1.1,3.5,No,30.31,78.03,682,Dehradun
05-11-2015,18.8,28,15.1,1013.3,70,1.02,3.1,1.9,3.5,No,30.31,78.03,682,Dehradun
06-11-2015,17.9,28.7,12.1,1013.6,61,0,3.2,1.3,3.5,No,30.31,78.03,682,Dehradun
07-11-2015,18.8,29.2,12.5,1015,58,0,3.7,1.3,3.5,No,30.31,78.03,682,Dehradun
08-11-2015,18.8,29.2,12.2,1016.6,60,0,2.9,2.8,3.5,No,30.31,78.03,682,Dehradun
09-11-2015,17.5,27.7,12.6,1016.1,71,0,2.3,2.4,3.5,No,30.31,78.03,682,Dehradun
10-11-2015,20.2,27.7,14.5,1013.2,60,0,1.9,3,3.5,No,30.31,78.03,682,Dehradun
11-11-2015,16.7,27.9,11.5,1014,71,0,2.3,1.9,3.5,No,30.31,78.03,682,Dehradun
12-11-2015,19.2,27.9,11.9,1015,65,0,2.9,1.9,48.2,No,30.31,78.03,682,Dehradun
13-11-2015,18.7,28.2,13.5,1013.8,71,0,2.3,1.5,3.5,No,30.31,78.03,682,Dehradun
14-11-2015,19.6,28.4,13.6,1011.5,73,0,1.9,2.2,3.5,No,30.31,78.03,682,Dehradun
15-11-2015,19.5,28.4,14.3,1011.8,68,0,1.9,1.9,3.5,No,30.31,78.03,682,Dehradun
16-11-2015,17.9,28.2,13,1012.5,67,0,3.2,1.9,3.5,No,30.31,78.03,682,Dehradun
17-11-2015,17.9,27.6,12,1012.5,63,0,3.5,1.9,5.4,No,30.31,78.03,682,Dehradun
18-11-2015,17.6,27.8,11.6,1015.6,64,0,3.7,2,5.4,No,30.31,78.03,682,Dehradun
19-11-2015,17.7,27.8,12,1017.8,67,0,3.5,0,5.4,No,30.31,78.03,682,Dehradun
20-11-2015,18.1,27.2,11.1,1016.2,66,0,3.2,1.9,3.5,No,30.31,78.03,682,Dehradun
21-11-2015,17.8,28,11.6,1015.1,72,0,3.5,1.1,3.5,No,30.31,78.03,682,Dehradun
22-11-2015,17.9,28,12.2,1014.6,70,0,2.3,1.1,3.5,No,30.31,78.03,682,Dehradun
23-11-2015,18.4,27.1,12.6,1015.5,74,0,1.9,0.6,3.5,No,30.31,78.03,682,Dehradun
24-11-2015,17.4,26.6,12.1,1015.2,72,0,2.7,2.2,5.4,No,30.31,78.03,682,Dehradun
25-11-2015,16.8,27,10.2,1013.3,69,0,3.7,0.4,3.5,No,30.31,78.03,682,Dehradun
26-11-2015,17.8,27,11,1012.9,69,0,3.7,0.4,1.9,No,30.31,78.03,682,Dehradun
27-11-2015,15.7,26.8,14,1012.3,91,1.02,2.3,0.9,3.5,No,30.31,78.03,682,Dehradun
28-11-2015,16.7,23.9,12.2,1016.6,77,1.02,3.1,0.9,3.5,No,30.31,78.03,682,Dehradun
29-11-2015,17.3,25.9,12.1,1018.2,72,0,2.3,0.7,3.5,No,30.31,78.03,682,Dehradun
30-11-2015,17.8,27.2,12.7,1016.9,72,0,3.1,1.1,5.4,No,30.31,78.03,682,Dehradun
01-12-2015,17,28.7,10.6,1014.7,65,0,4,0.7,5.4,No,30.31,78.03,682,Dehradun
02-12-2015,15.3,28.7,10.5,1016,67,0,3.2,0.7,3.5,No,30.31,78.03,682,Dehradun
03-12-2015,15.6,25.4,10,1015.1,71,0,1.9,0.2,1.9,No,30.31,78.03,682,Dehradun
04-12-2015,15.3,25.4,9.6,1015,78,0,1.9,0.9,3.5,No,30.31,78.03,682,Dehradun
05-12-2015,15.3,25,10.2,1016.4,76,0,1.9,0.9,1.9,No,30.31,78.03,682,Dehradun
06-12-2015,15.8,25,10.6,1016.8,78,0,2.3,1.1,3.5,No,30.31,78.03,682,Dehradun
07-12-2015,15.8,23.3,11.4,1017.6,79,0,1.9,0.7,1.9,No,30.31,78.03,682,Dehradun
08-12-2015,14.9,23.3,10.1,1016.1,81,0,1.9,0.4,1.9,No,30.31,78.03,682,Dehradun
09-12-2015,13.6,22.8,9.3,1017.1,80,0,2.1,0.6,1.9,No,30.31,78.03,682,Dehradun
10-12-2015,15.5,23.5,9.4,1012.8,71,0,3.5,0.9,3.5,No,30.31,78.03,682,Dehradun
11-12-2015,13.6,23.5,11.7,1011,92,0.76,1.9,1.1,3.5,No,30.31,78.03,682,Dehradun
12-12-2015,14.4,20.4,10,1012.9,85,7.87,1.6,1.5,3.5,No,30.31,78.03,682,Dehradun
13-12-2015,13.5,20.4,10.3,1014.3,90,0,0.8,1.1,3.5,No,30.31,78.03,682,Dehradun
14-12-2015,11.6,19.9,8.2,1015,83,0,1.8,1.5,3.5,No,30.31,78.03,682,Dehradun
15-12-2015,11.2,20,6.4,1015,81,0,2.7,0.9,3.5,No,30.31,78.03,682,Dehradun
16-12-2015,11.7,19.8,7.4,1015.5,80,0,2.4,1.5,3.5,No,30.31,78.03,682,Dehradun
17-12-2015,11.6,19.8,7.2,1016.9,76,0,2.3,1.1,3.5,No,30.31,78.03,682,Dehradun
18-12-2015,10.9,21.5,5.1,1017.6,69,0,4,1.1,3.5,No,30.31,78.03,682,Dehradun
19-12-2015,11.4,22.4,5,1018,67,0,4,1.9,3.5,No,30.31,78.03,682,Dehradun
20-12-2015,11.3,22.4,6.4,1018.3,73,0,2.3,2.2,3.5,No,30.31,78.03,682,Dehradun
21-12-2015,11.1,19.5,5.3,1018.9,75,0,2.3,1.5,3.5,No,30.31,78.03,682,Dehradun
22-12-2015,11.3,19.8,7.3,1020.7,72,0,2.3,2,3.5,No,30.31,78.03,682,Dehradun
23-12-2015,10.4,19.8,5.1,1019.7,71,0,3.1,2.4,3.5,No,30.31,78.03,682,Dehradun
24-12-2015,9.8,18.6,3.6,1020.4,65,0,1.9,1.1,3.5,No,30.31,78.03,682,Dehradun
25-12-2015,10.1,20.2,3.4,1021.3,67,0,3.1,0.9,3.5,No,30.31,78.03,682,Dehradun
26-12-2015,11.1,22,4.6,1020,70,0,3.1,0.7,3.5,No,30.31,78.03,682,Dehradun
27-12-2015,13.1,23.8,6.6,1018.9,68,0,2.9,0.6,3.5,No,30.31,78.03,682,Dehradun
28-12-2015,14.1,25.2,8.6,1019.4,74,0,2.6,0.4,3.5,No,30.31,78.03,682,Dehradun
29-12-2015,13.7,25.5,7.2,1017.1,74,0,3.2,0.7,1.9,No,30.31,78.03,682,Dehradun
30-12-2015,14,25.5,7.7,1017.3,71,0,1.9,2,3.5,No,30.31,78.03,682,Dehradun
31-12-2015,14,25.5,7.7,1017.3,71,0,1.9,2,3.5,No,30.31,78.03,682,Dehradun
01-01-2016,12.8,22.9,7.4,1020.8,72,0,1.9,1.3,3.5,No,30.31,78.03,682,Dehradun
02-01-2016,12.2,22.4,6.7,1020.4,63,0,1.9,1.5,3.5,No,30.31,78.03,682,Dehradun
03-01-2016,11.4,22.4,5.5,1018.4,70,0,2.3,0.9,3.5,No,30.31,78.03,682,Dehradun
04-01-2016,13.2,22.2,6.6,1019.8,68,0,1.9,1.3,3.5,No,30.31,78.03,682,Dehradun
05-01-2016,14.1,24.2,8.6,1017.1,66,0,3.5,1.5,3.5,No,30.31,78.03,682,Dehradun
06-01-2016,15.3,24.7,8.1,1016.9,66,0,2.7,0.4,3.5,No,30.31,78.03,682,Dehradun
07-01-2016,13.1,24.7,8.6,1018.8,73,0,3.4,2,3.5,No,30.31,78.03,682,Dehradun
08-01-2016,13,22.5,8.7,1016.4,68,0,3.5,1.9,7.6,No,30.31,78.03,682,Dehradun
09-01-2016,11.6,22.2,6.4,1013.9,70,0,4,0.9,3.5,No,30.31,78.03,682,Dehradun
10-01-2016,12.1,22.7,5.6,1016.9,72,0,3.5,1.3,3.5,No,30.31,78.03,682,Dehradun
11-01-2016,12.9,22.7,7.1,1017,71,0,2.6,2,3.5,No,30.31,78.03,682,Dehradun
12-01-2016,12.9,22.2,7.7,1015.9,72,0,2.7,2.4,3.5,No,30.31,78.03,682,Dehradun
13-01-2016,13.3,22.7,7.6,1014.8,67,0,3.2,0.7,3.5,No,30.31,78.03,682,Dehradun
14-01-2016,12.9,23.8,7.9,1015.4,70,0,3.5,1.9,3.5,No,30.31,78.03,682,Dehradun
15-01-2016,12.3,20.9,7.3,1014.6,73,0,2.7,1.1,3.5,No,30.31,78.03,682,Dehradun
16-01-2016,11.3,22.2,5.6,1012.9,79,0,1.3,2,3.5,No,30.31,78.03,682,Dehradun
17-01-2016,11.7,20.2,8.4,1015.4,74,0,1.4,1.5,3.5,No,30.31,78.03,682,Dehradun
18-01-2016,10.9,20.2,5.3,1014.4,73,0,2.6,2.4,5.4,No,30.31,78.03,682,Dehradun
19-01-2016,11.4,20.3,6,1014.8,72,0,2.3,1.3,3.5,No,30.31,78.03,682,Dehradun
20-01-2016,10.6,20,5.9,1017.6,74,0,1.8,1.9,3.5,No,30.31,78.03,682,Dehradun
21-01-2016,9.8,18.6,3.6,1019.1,81,0,1.4,1.9,3.5,No,30.31,78.03,682,Dehradun
22-01-2016,10.2,18.4,5.7,1019,77,0,1.6,0.9,3.5,No,30.31,78.03,682,Dehradun
23-01-2016,9.8,19.1,3.9,1019.5,74,0,1.9,1.1,3.5,No,30.31,78.03,682,Dehradun
24-01-2016,10.4,19.2,4.5,1019.2,71,0,1.9,1.1,3.5,No,30.31,78.03,682,Dehradun
25-01-2016,11.1,19.9,4.3,1016,66,0,1.9,1.3,3.5,No,30.31,78.03,682,Dehradun
26-01-2016,11.9,21.2,6.9,1015.4,67,0,1.9,2.2,3.5,No,30.31,78.03,682,Dehradun
27-01-2016,11.9,21.1,7,1014.3,68,0,1.9,1.5,5.4,No,30.31,78.03,682,Dehradun
28-01-2016,13.3,20.7,7.1,1014.9,66,0,1.6,1.5,3.5,No,30.31,78.03,682,Dehradun
29-01-2016,14.6,22.4,10.7,1016.6,73,0,1.9,1.5,3.5,No,30.31,78.03,682,Dehradun
30-01-2016,16.1,24.7,10.5,1014.5,63,0,2.6,3.3,5.4,No,30.31,78.03,682,Dehradun
31-01-2016,14.2,25.9,8.7,1015.6,69,0,2.3,3.5,5.4,No,30.31,78.03,682,Dehradun
01-02-2016,12.7,23.8,6.5,1016.4,67,0,3.2,2.4,3.5,No,30.31,78.03,682,Dehradun
02-02-2016,12.6,24.2,6,1016.3,65,0,1.9,1.9,3.5,No,30.31,78.03,682,Dehradun
03-02-2016,12.5,21.9,5,1016,64,0,3.2,1.5,3.5,No,30.31,78.03,682,Dehradun
04-02-2016,13.9,23,6,1016.4,60,0,2.6,2,3.5,No,30.31,78.03,682,Dehradun
05-02-2016,14.6,24.6,8.6,1015.6,65,0,2.6,1.3,3.5,No,30.31,78.03,682,Dehradun
06-02-2016,13.9,23.6,8.9,1013.8,71,0,1.9,1.9,3.5,No,30.31,78.03,682,Dehradun
07-02-2016,11.2,22.9,9.3,1018.3,95,0,2.7,2,3.5,No,30.31,78.03,682,Dehradun
08-02-2016,13.4,22.5,6.8,1016.6,78,0,4,2,3.5,No,30.31,78.03,682,Dehradun
09-02-2016,14.7,23.7,7.8,1014.1,70,0,3.2,0.4,3.5,No,30.31,78.03,682,Dehradun
10-02-2016,15.2,25.2,9,1011.9,64,0,2.7,3.1,5.4,No,30.31,78.03,682,Dehradun
11-02-2016,13.4,25,9.3,1012.2,66,0,3.2,0.9,3.5,No,30.31,78.03,682,Dehradun
12-02-2016,14.8,23.9,7.3,1012.8,51,0,3.2,2.6,5.4,No,30.31,78.03,682,Dehradun
13-02-2016,10.9,24.3,8.2,1016.7,77,0,3.1,3,5.4,No,30.31,78.03,682,Dehradun
14-02-2016,15.4,24.6,6.7,1016.2,60,0,4,2,3.5,No,30.31,78.03,682,Dehradun
15-02-2016,15.4,24.6,9,1018,58,0,4,1.1,1.9,No,30.31,78.03,682,Dehradun
16-02-2016,16.1,23.9,8.6,1018.6,58,0,3.7,1.1,3.5,No,30.31,78.03,682,Dehradun
17-02-2016,18,26.4,8.9,1018.5,50,0,3.4,2,3.5,Yes,30.31,78.03,682,Dehradun
18-02-2016,20.7,28.2,12.9,1016.3,48,0,3.5,2.6,3.5,Yes,30.31,78.03,682,Dehradun
19-02-2016,19.9,24.4,16.4,1014.1,67,0,4,2,3.5,Yes,30.31,78.03,682,Dehradun
20-02-2016,21,28.2,17.2,1012.5,67,0,3.7,3,5.4,Yes,30.31,78.03,682,Dehradun
21-02-2016,17.7,28.5,12.3,1011.9,71,0,3.2,1.9,7.6,Yes,30.31,78.03,682,Dehradun
22-02-2016,17.4,26.6,11,1011.6,65,0,4,1.9,5.4,Yes,30.31,78.03,682,Dehradun
23-02-2016,17.4,27.2,11.1,1011,65,0,2.6,1.1,3.5,Yes,30.31,78.03,682,Dehradun
24-02-2016,17.9,26.4,11.2,1012.7,58,0,2.7,1.5,3.5,Yes,30.31,78.03,682,Dehradun
25-02-2016,18.2,26.8,11.7,1016.1,56,0,3.1,2.2,3.5,Yes,30.31,78.03,682,Dehradun
26-02-2016,18.7,27.2,11.3,1018,57,0,3.1,1.5,3.5,Yes,30.31,78.03,682,Dehradun
27-02-2016,18.9,27.3,13.4,1017.9,59,0,2.3,1.1,3.5,Yes,30.31,78.03,682,Dehradun
28-02-2016,19.2,26.8,12.5,1018.7,60,0,2.3,1.9,3.5,Yes,30.31,78.03,682,Dehradun
29-02-2016,18.8,27.8,13.4,1018.1,63,0,1.9,1.3,5.4,Yes,30.31,78.03,682,Dehradun
01-03-2016,19.1,27.2,11.6,1015.2,60,0,1.9,2.2,5.4,Yes,30.31,78.03,682,Dehradun
02-03-2016,20.2,28.2,14.1,1014.8,60,0,1.9,1.3,3.5,Yes,30.31,78.03,682,Dehradun
03-03-2016,20.9,29.2,13.7,1014.4,55,0,2.3,2.4,3.5,Yes,30.31,78.03,682,Dehradun
04-03-2016,21.4,29.6,14.1,1010.9,51,0,4,1.9,3.5,Yes,30.31,78.03,682,Dehradun
05-03-2016,20.1,30.8,15.2,1012.7,59,0,2.9,1.3,3.5,Yes,30.31,78.03,682,Dehradun
06-03-2016,18.3,26.5,12.7,1013.5,68,0,4,1.9,3.5,Yes,30.31,78.03,682,Dehradun
07-03-2016,19.1,27,11.4,1012,56,0,3.7,2.8,5.4,Yes,30.31,78.03,682,Dehradun
08-03-2016,20.4,29.2,12.6,1010.4,53,0,4,2.2,5.4,Yes,30.31,78.03,682,Dehradun
09-03-2016,20.7,30,13.4,1010.5,59,0,2.6,1.9,3.5,Yes,30.31,78.03,682,Dehradun
10-03-2016,21.1,28.5,15,1011.5,60,0,2.6,2,5.4,Yes,30.31,78.03,682,Dehradun
11-03-2016,21.2,29.3,16.1,1012.3,63,0,3.1,3.7,22.2,Yes,30.31,78.03,682,Dehradun
12-03-2016,18.7,27.5,14.9,1011.1,67,0,3.7,6.3,18.3,Yes,30.31,78.03,682,Dehradun
13-03-2016,17,25.5,13.6,1012.4,73,0,3.7,2,5.4,Yes,30.31,78.03,682,Dehradun
14-03-2016,17.1,24.7,13.7,1014.5,69,0,3.5,1.5,3.5,Yes,30.31,78.03,682,Dehradun
15-03-2016,18.1,25.3,11,1013,63,0,4,2.2,7.6,Yes,30.31,78.03,682,Dehradun
16-03-2016,18.3,26.7,10.7,1011.1,58,0,4,1.9,5.4,Yes,30.31,78.03,682,Dehradun
17-03-2016,20.3,27.7,11.8,1010.6,59,0,3.1,1.5,3.5,Yes,30.31,78.03,682,Dehradun
18-03-2016,21.2,29.2,15.2,1010.2,56,0,4,1.9,3.5,Yes,30.31,78.03,682,Dehradun
19-03-2016,21.5,29.9,14.7,1009,55,0,3.5,2.4,5.4,Yes,30.31,78.03,682,Dehradun
20-03-2016,20.2,30.3,13.7,1013.9,55,0,3.7,2.4,5.4,Yes,30.31,78.03,682,Dehradun
21-03-2016,19.3,28.4,12.4,1008.3,50,0,4,3.1,7.6,Yes,30.31,78.03,682,Dehradun
22-03-2016,18.1,28.8,11,1007,56,0,4,1.9,5.4,Yes,30.31,78.03,682,Dehradun
23-03-2016,20.6,32,11.6,1008.1,48,0,4,1.9,3.5,Yes,30.31,78.03,682,Dehradun
24-03-2016,22.7,32.9,14.2,1012.2,50,0,3.7,1.5,3.5,Yes,30.31,78.03,682,Dehradun
25-03-2016,24.3,32.6,16.8,1012.9,52,0,3.7,1.3,3.5,Yes,30.31,78.03,682,Dehradun
26-03-2016,25.2,33.9,18.9,1011.1,48,0,3.5,1.5,3.5,Yes,30.31,78.03,682,Dehradun
27-03-2016,22.4,34.6,16.6,1011.5,61,0,3.5,2.2,3.5,Yes,30.31,78.03,682,Dehradun
28-03-2016,22.7,32.8,15.6,1010.9,52,0,4,2.2,5.4,Yes,30.31,78.03,682,Dehradun
29-03-2016,22.2,31.2,16.3,1010.2,62,0,2.6,2.8,5.4,Yes,30.31,78.03,682,Dehradun
30-03-2016,23.8,32.2,16.9,1010,57,0,2.7,2.2,5.4,Yes,30.31,78.03,682,Dehradun
31-03-2016,24.3,32.5,16.7,1008.1,52,0,2.6,1.9,5.4,Yes,30.31,78.03,682,Dehradun
01-04-2016,25.6,32.9,17.5,1008.1,51,0,2.7,2,5.4,Yes,30.31,78.03,682,Dehradun
02-04-2016,25.6,34.2,16.7,1007.9,59,0,2.4,1.9,3.5,Yes,30.31,78.03,682,Dehradun
03-04-2016,27.6,34.5,18.4,1008.1,56,0,2.3,1.3,5.4,Yes,30.31,78.03,682,Dehradun
04-04-2016,26.7,35.6,21,1006.6,53,0,2.1,2.2,5.4,Yes,30.31,78.03,682,Dehradun
05-04-2016,24.8,34.6,18.8,1006.8,50,0,2.6,3.1,7.6,Yes,30.31,78.03,682,Dehradun
06-04-2016,25.3,32.7,19.4,1007.1,45,0,2.6,3.3,5.4,Yes,30.31,78.03,682,Dehradun
07-04-2016,23.1,32.6,17.7,1008.3,53,1.02,3.4,3.9,5.4,Yes,30.31,78.03,682,Dehradun
08-04-2016,23.2,31.9,14.1,1009.3,46,0,4,2,5.4,Yes,30.31,78.03,682,Dehradun
09-04-2016,25.1,33.9,15.1,1009.1,39,0,3.7,3.5,5.4,Yes,30.31,78.03,682,Dehradun
10-04-2016,26,34.9,18.7,1008.2,38,0,3.5,3,5.4,Yes,30.31,78.03,682,Dehradun
11-04-2016,24.8,35.1,17,1007.9,41,0,4,3.7,7.6,Yes,30.31,78.03,682,Dehradun
12-04-2016,26.5,33,16,1004.3,40,0,4,2.8,7.6,Yes,30.31,78.03,682,Dehradun
13-04-2016,24.9,33.6,16,1003.2,42,0,4,3.1,7.6,Yes,30.31,78.03,682,Dehradun
14-04-2016,26.1,34.2,17.7,1003.2,39,0,3.7,3.1,5.4,Yes,30.31,78.03,682,Dehradun
15-04-2016,26.3,35.5,16.9,1003.9,39,0,4,2.4,5.4,Yes,30.31,78.03,682,Dehradun
16-04-2016,28.2,36,19,1001.9,56,0,2.9,3.3,5.4,Yes,30.31,78.03,682,Dehradun
17-04-2016,30.9,38.5,21.9,1000.8,60,0,1.9,3.1,3.5,Yes,30.31,78.03,682,Dehradun
18-04-2016,27.9,39,21.9,1004.4,62,0,2.3,3.3,5.4,Yes,30.31,78.03,682,Dehradun
19-04-2016,26.9,36.6,19.4,1005,65,0,2.3,2.2,3.5,Yes,30.31,78.03,682,Dehradun
20-04-2016,28.3,36.2,20.2,1004.1,59,0,2.3,2.4,5.4,Yes,30.31,78.03,682,Dehradun
21-04-2016,27.4,36.7,19.7,1001,58,0,3.5,3,7.6,Yes,30.31,78.03,682,Dehradun
22-04-2016,23.3,36.7,18.4,1002,70,0,2.9,4.1,7.6,Yes,30.31,78.03,682,Dehradun
23-04-2016,23.4,35.4,17,1001.8,65,0,3.7,1.5,5.4,Yes,30.31,78.03,682,Dehradun
24-04-2016,25.1,33.2,15.9,1001.9,54,0,4,3,5.4,Yes,30.31,78.03,682,Dehradun
25-04-2016,25.4,34.7,15.2,1004.9,52,0,3.1,2.4,5.4,Yes,30.31,78.03,682,Dehradun
26-04-2016,26.8,36.5,16.6,1006.3,50,0,3.1,3.3,7.6,Yes,30.31,78.03,682,Dehradun
27-04-2016,26.3,37.2,17.1,1005,52,0,3.4,2.6,5.4,Yes,30.31,78.03,682,Dehradun
28-04-2016,27.1,37.4,17.8,1004.2,51,0,2.7,2.4,5.4,Yes,30.31,78.03,682,Dehradun
29-04-2016,27.9,36.5,17.4,1004.6,50,0,2.3,4.3,7.6,Yes,30.31,78.03,682,Dehradun
30-04-2016,27.1,36.8,18.2,1003.9,55,0,2.3,2.4,5.4,Yes,30.31,78.03,682,Dehradun
01-05-2016,28.9,37.7,18.6,1000.6,54,0,1.9,3,5.4,Yes,30.31,78.03,682,Dehradun
02-05-2016,29.9,38.9,20.4,1001.1,57,0,1.9,2.2,5.4,Yes,30.31,78.03,682,Dehradun
03-05-2016,29.1,38.9,20.9,1004.2,66,0,1.9,3.5,5.4,Yes,30.31,78.03,682,Dehradun
04-05-2016,27.7,36,20.9,1004.1,61,0,1.9,2.8,5.4,Yes,30.31,78.03,682,Dehradun
05-05-2016,24.7,36.3,19.7,1008.2,60,46.34,3.2,3.3,5.4,No,30.31,78.03,682,Dehradun
06-05-2016,25.2,33.7,18.1,1005.9,58,23.62,3.1,3.1,7.6,No,30.31,78.03,682,Dehradun
07-05-2016,27.7,34.4,19.4,1005.9,53,0,2.3,1.9,3.5,No,30.31,78.03,682,Dehradun
08-05-2016,28.2,34.4,21.4,1006.1,53,0,1.9,1.9,5.4,No,30.31,78.03,682,Dehradun
09-05-2016,28.1,35,22.9,1006.4,56,0,1.9,2.8,5.4,No,30.31,78.03,682,Dehradun
10-05-2016,28,34.8,23.1,1006.5,55,0,1.9,3.9,7.6,No,30.31,78.03,682,Dehradun
11-05-2016,27.1,35.5,21.1,1005.4,61,0,1.9,2.4,5.4,No,30.31,78.03,682,Dehradun
12-05-2016,29.1,35.2,20.6,999.5,53,0,3.4,1.5,3.5,No,30.31,78.03,682,Dehradun
13-05-2016,31.3,36.7,22.3,1001,45,0,2.6,1.9,5.4,No,30.31,78.03,682,Dehradun
14-05-2016,30.3,37.1,22.1,1001.8,46,0,2.6,2,5.4,No,30.31,78.03,682,Dehradun
15-05-2016,30.8,38.7,21.4,1002.5,37,0,3.4,2.2,5.4,No,30.31,78.03,682,Dehradun
16-05-2016,30.4,39.1,20.7,999.2,32,0,3.5,2.4,5.4,No,30.31,78.03,682,Dehradun
17-05-2016,31.7,39.8,21.7,997.1,30,0,4,2,3.5,No,30.31,78.03,682,Dehradun
18-05-2016,31.4,40.2,21.6,997.1,39,0,4,2,5.4,Yes,30.31,78.03,682,Dehradun
19-05-2016,31.9,39.5,23.1,998.5,50,0,3.2,1.5,3.5,Yes,30.31,78.03,682,Dehradun
20-05-2016,31.4,38.7,26,996.6,56,0,2.6,1.9,3.5,Yes,30.31,78.03,682,Dehradun
21-05-2016,29.9,37.6,24.4,996.6,56,0,3.1,1.9,3.5,No,30.31,78.03,682,Dehradun
22-05-2016,30.7,37.1,24,996.5,57,0,2.6,2.2,5.4,No,30.31,78.03,682,Dehradun
23-05-2016,26.1,37.5,21.7,1000.4,70,0,2.6,2,3.5,No,30.31,78.03,682,Dehradun
24-05-2016,27.1,36.2,19.8,1000.1,56,0,3.1,3,5.4,No,30.31,78.03,682,Dehradun
25-05-2016,28.3,35.5,20.6,996.1,51,0,3.5,1.3,5.4,No,30.31,78.03,682,Dehradun
26-05-2016,29.3,36.1,21.8,998.2,50,0,2.7,1.9,5.4,No,30.31,78.03,682,Dehradun
27-05-2016,30.2,37,21.3,997.8,43,0,3.5,2,7.6,No,30.31,78.03,682,Dehradun
28-05-2016,27.6,38,21,999.3,59,0,2.3,3.3,7.6,No,30.31,78.03,682,Dehradun
29-05-2016,26.5,36.3,18.7,1000.7,64,0,4,2,3.5,No,30.31,78.03,682,Dehradun
30-05-2016,26.9,32.7,21.1,1002.7,67,0,2.7,2.8,5.4,No,30.31,78.03,682,Dehradun
31-05-2016,28.2,33.7,20.1,1002.1,66,0,2.6,1.5,5.4,No,30.31,78.03,682,Dehradun
01-06-2016,30.2,35.5,22,1001.2,59,0,1.9,2,5.4,No,30.31,78.03,682,Dehradun
02-06-2016,29.4,36.2,24.4,1001.7,69,0,2.9,1.5,5.4,No,30.31,78.03,682,Dehradun
03-06-2016,29.5,36,24.5,1002.2,76,0,2.7,1.9,5.4,No,30.31,78.03,682,Dehradun
04-06-2016,31.2,35.9,24.8,1001.8,71,0,2.6,1.3,3.5,No,30.31,78.03,682,Dehradun
05-06-2016,27.8,35.9,21,1003.1,75,0,2.3,2.8,3.5,No,30.31,78.03,682,Dehradun
06-06-2016,27.3,36,20.1,1003.2,69,0,3.5,1.9,3.5,No,30.31,78.03,682,Dehradun
07-06-2016,24.9,35.1,21.5,1003.6,75,0,3.5,3,5.4,No,30.31,78.03,682,Dehradun
08-06-2016,28.6,33.7,20.2,999.8,63,0,4,2.2,3.5,No,30.31,78.03,682,Dehradun
09-06-2016,26.9,35.1,22.2,999.5,72,0,4,1.3,3.5,No,30.31,78.03,682,Dehradun
10-06-2016,28.9,35,21.1,998.3,69,0,2.7,2.6,7.6,No,30.31,78.03,682,Dehradun
11-06-2016,29.9,35.1,22.2,997.3,62,0,3.7,3,5.4,No,30.31,78.03,682,Dehradun
12-06-2016,27.1,35.4,21.6,998,74,0,3.5,2.2,7.6,No,30.31,78.03,682,Dehradun
13-06-2016,29.6,36,23.7,997,66,0,1.9,0.9,3.5,No,30.31,78.03,682,Dehradun
14-06-2016,28.7,36.4,23.3,996.9,68,0,2.3,1.1,5.4,No,30.31,78.03,682,Dehradun
15-06-2016,26.4,33.6,23.6,996.5,89,0,1.9,3.3,5.4,No,30.31,78.03,682,Dehradun
16-06-2016,26.1,30.6,23,999,87,0,2.9,2,5.4,No,30.31,78.03,682,Dehradun
17-06-2016,29.2,33.2,23.4,999.4,75,0,2.7,0.7,3.5,No,30.31,78.03,682,Dehradun
18-06-2016,28.2,34.7,25,1001.5,82,0,1.9,1.1,5.4,No,30.31,78.03,682,Dehradun
19-06-2016,28.9,32.6,24.5,1001.5,76,0,2.3,0.6,3.5,No,30.31,78.03,682,Dehradun
20-06-2016,27.9,33.6,25,1001,84,0,2.3,2,3.5,No,30.31,78.03,682,Dehradun
21-06-2016,25.9,31.3,24,1000.9,90,0,2.7,1.5,3.5,No,30.31,78.03,682,Dehradun
22-06-2016,27.1,31.7,23.1,1001.8,82,0,2.9,1.9,7.6,No,30.31,78.03,682,Dehradun
23-06-2016,28.4,32,22.5,999.5,81,0,2.9,1.1,3.5,No,30.31,78.03,682,Dehradun
24-06-2016,30.2,34.6,25.2,997.8,75,0,1.9,2,5.4,No,30.31,78.03,682,Dehradun
25-06-2016,28.8,35.4,23.7,1000.3,80,0,2.7,3,5.4,No,30.31,78.03,682,Dehradun
26-06-2016,29.8,34.1,26.6,1000.6,77,0,1.9,2.2,3.5,No,30.31,78.03,682,Dehradun
27-06-2016,29.3,33.8,24.6,999.6,76,0,1.9,1.7,7.6,No,30.31,78.03,682,Dehradun
28-06-2016,28.8,33.6,24.9,1001.3,77,0,1.9,1.1,3.5,No,30.31,78.03,682,Dehradun
29-06-2016,30.1,35.6,24.4,1000.8,75,0,1.9,2.2,5.4,No,30.31,78.03,682,Dehradun
30-06-2016,28.2,36.4,23.8,998.2,85,0,1.9,2.4,3.5,No,30.31,78.03,682,Dehradun
